id_cliente,segmento_cliente,capital_social,idade_cnpj,serasa_contagem_negativacoes,serasa_contagem_protestos,serasa_socio_tem_negativacao,ifood_contagem_avaliacoes,ifood_faixa_preco,google_maps_avaliacao,google_maps_contagem_avaliacoes,google_maps_tem_website,inadimplente,tem_google_maps,tem_ifood,tem_credores,natureza_juridica_cod,fonte_cliente_1,fonte_cliente_2,fonte_cliente_4,fonte_cliente_5,uf_PE,municipio_CARPINA,municipio_CARUARU,municipio_FORTALEZA,municipio_IGARASSU,municipio_IPOJUCA,municipio_JABOATAO DOS GUARARAPES,municipio_OLINDA,municipio_PAULISTA,municipio_RECIFE,credor_alimentos_e_bebidas,credor_financeiro,credor_saúde,credor_bancos_e_financeiro,credor_tecnologia,credor_telecomunicações,credor_distribuição,cnae_divisao,cnae_secao,qtd_pedidos,valor_total_pedidos,valor_medio_pedido,valor_max_pedido,atraso_total,atraso_max,pedidos_com_atraso,score_serasa_negativo,presenca_digital,capital_por_ano,ticket_medio_alto,reputacao_google
5649308221613,Restaurante Brasileiro,150000.0,16500.0,0.0,0.0,0.0,350.0,5,4.25,1750.0,1.0,0.0,1,1,0,230.5,0.0,0.0,0.0,1.0,1.0,0.0,0.0,0.0,0.0,0.0,0.0,0.0,0.0,1.0,0,0,0,0,0,0,0,56,3,13.0,11755.369999999999,904.2592307692307,2263.0,2.0,2.0,1.0,0.0,2,3318.18,1,31.7388
5728626180269,Padaria,85000.0,16500.0,0.0,0.0,0.0,0.0,0,0.0,0.0,0.0,0.0,0,0,0,230.5,0.0,0.0,0.0,1.0,1.0,0.0,0.0,0.0,0.0,0.0,0.0,0.0,0.0,1.0,0,0,0,0,0,0,0,10,0,7.0,3901.7,557.3857142857142,1569.0,1.0,2.0,2.0,0.0,0,1880.3,1,0.0
5740206260397,Conveniência,9000.0,6500.0,0.0,0.0,0.0,0.0,0,0.0,0.0,0.0,0.0,0,0,0,206.2,0.0,0.0,0.0,1.0,1.0,0.0,0.0,0.0,0.0,0.0,1.0,0.0,0.0,0.0,0,0,0,0,0,0,0,46,2,8.0,3751.88,468.985,899.73,-7.0,0.0,0.0,0.0,0,505.38,1,0.0
5741028343981,Hotel,9000.0,6500.0,0.0,0.0,0.0,0.0,0,0.0,0.0,0.0,0.0,0,0,0,206.2,0.0,0.0,0.0,1.0,1.0,0.0,0.0,0.0,0.0,0.0,0.0,0.0,0.0,0.0,0,0,0,0,0,0,0,55,3,0.0,0.0,0.0,0.0,0.0,0.0,0.0,0.0,0,505.38,0,0.0
5741479985325,Churrascaria,600000.0,16500.0,0.0,0.0,0.0,75.0,1,4.25,40.0,1.0,0.0,1,1,0,206.2,0.0,0.0,0.0,1.0,1.0,0.0,0.0,0.0,0.0,0.0,0.0,0.0,0.0,1.0,0,0,0,0,0,0,0,56,3,0.0,0.0,0.0,0.0,0.0,0.0,0.0,0.0,2,13272.73,0,15.7827
5741496172717,Doces & Confeitaria,5500000.0,16500.0,0.0,0.0,0.0,7.5,4,4.25,250.0,1.0,0.0,1,1,0,206.2,0.0,0.0,0.0,1.0,1.0,0.0,0.0,0.0,0.0,0.0,0.0,0.0,0.0,1.0,0,0,0,0,0,0,0,10,0,0.0,0.0,0.0,0.0,0.0,0.0,0.0,0.0,2,121666.67,0,23.4832
5741537853613,Japonês & Chinês & Asiático,12500.0,16500.0,6.0,0.0,0.0,350.0,5,4.75,75.0,1.0,0.0,1,1,1,206.2,0.0,0.0,0.0,1.0,1.0,0.0,0.0,0.0,0.0,0.0,0.0,0.0,0.0,1.0,0,0,0,0,1,0,0,56,3,0.0,0.0,0.0,0.0,0.0,0.0,0.0,6.0,2,276.52,0,20.571
5745395171501,Mercearia & Mercado,25000.0,6500.0,0.0,0.0,0.0,0.0,0,4.25,150.0,1.0,0.0,1,0,0,213.5,0.0,0.0,0.0,1.0,1.0,0.0,0.0,0.0,0.0,0.0,0.0,1.0,0.0,0.0,0,0,0,0,0,0,0,47,2,0.0,0.0,0.0,0.0,0.0,0.0,0.0,0.0,1,1403.85,0,21.3234
5745702568109,Office - Escolas & Escritórios & Consultórios & Associações,600000.0,16500.0,0.0,1.0,0.0,0.0,0,0.0,0.0,0.0,1.0,0,0,0,206.2,0.0,0.0,0.0,1.0,1.0,0.0,0.0,0.0,0.0,0.0,0.0,0.0,0.0,0.0,0,0,0,0,0,0,0,43,1,0.0,0.0,0.0,0.0,0.0,0.0,0.0,1.0,0,13272.73,0,0.0
5750404874413,Mercearia & Mercado,600000.0,6500.0,0.0,0.0,1.0,0.0,0,0.0,0.0,0.0,0.0,0,0,0,206.2,0.0,0.0,0.0,1.0,1.0,0.0,0.0,0.0,0.0,0.0,0.0,0.0,0.0,1.0,0,0,0,0,0,0,0,46,2,0.0,0.0,0.0,0.0,0.0,0.0,0.0,1.0,0,33692.31,0,0.0
5751712809133,Mercearia & Mercado,40000.0,6500.0,10.0,0.0,1.0,0.0,0,0.0,0.0,0.0,0.0,0,0,0,213.5,0.0,0.0,0.0,1.0,1.0,0.0,0.0,0.0,0.0,0.0,0.0,0.0,0.0,1.0,0,0,0,0,0,0,0,47,2,0.0,0.0,0.0,0.0,0.0,0.0,0.0,11.0,0,2246.15,0,0.0
5755383087277,Padaria,85000.0,6500.0,1.0,0.0,0.0,0.0,0,4.25,625.0,1.0,0.0,1,0,1,206.2,0.0,0.0,0.0,1.0,1.0,0.0,0.0,0.0,0.0,0.0,0.0,0.0,0.0,1.0,0,0,0,0,0,0,0,10,0,0.0,0.0,0.0,0.0,0.0,0.0,0.0,1.0,1,4773.08,0,27.3672
5758190289069,Cafeteria,40000.0,6500.0,0.0,0.0,0.0,0.0,1,4.75,75.0,1.0,0.0,1,1,0,206.2,0.0,0.0,0.0,1.0,1.0,0.0,0.0,0.0,0.0,0.0,0.0,0.0,0.0,1.0,0,0,0,0,0,0,0,56,3,0.0,0.0,0.0,0.0,0.0,0.0,0.0,0.0,2,2246.15,0,20.571
5759742148781,Restaurante Brasileiro,17500.0,6500.0,4.0,2.0,0.0,0.0,0,0.0,0.0,0.0,0.0,0,0,1,206.2,0.0,0.0,0.0,1.0,1.0,0.0,0.0,0.0,0.0,0.0,0.0,0.0,0.0,1.0,0,0,0,0,0,1,0,56,3,0.0,0.0,0.0,0.0,0.0,0.0,0.0,6.0,0,982.69,0,0.0
5761483341997,Padaria,85000.0,4500.0,2.0,0.0,1.0,150.0,2,0.0,0.0,0.0,0.0,0,1,0,230.5,0.0,0.0,0.0,1.0,1.0,0.0,0.0,0.0,0.0,0.0,0.0,0.0,0.0,1.0,0,0,0,0,0,0,0,10,0,0.0,0.0,0.0,0.0,0.0,0.0,0.0,3.0,1,6894.44,0,0.0
5763244490925,Japonês & Chinês & Asiático,150000.0,16500.0,0.0,0.0,0.0,0.0,0,4.75,3750.0,1.0,0.0,1,0,0,206.2,0.0,0.0,0.0,1.0,1.0,0.0,0.0,0.0,0.0,0.0,0.0,0.0,0.0,1.0,0,0,0,0,0,0,0,56,3,0.0,0.0,0.0,0.0,0.0,0.0,0.0,0.0,1,3318.18,0,39.0914
5774315552941,Restaurante Brasileiro,85000.0,16500.0,0.0,0.0,0.0,40.0,4,4.25,250.0,1.0,0.0,1,1,0,230.5,0.0,0.0,0.0,1.0,1.0,0.0,0.0,0.0,0.0,0.0,0.0,0.0,0.0,1.0,0,0,0,0,0,0,0,56,3,0.0,0.0,0.0,0.0,0.0,0.0,0.0,0.0,2,1880.3,0,23.4832
5774738620589,Japonês & Chinês & Asiático,17500.0,16500.0,1.0,3.0,0.0,350.0,5,0.0,0.0,0.0,0.0,0,1,0,206.2,0.0,0.0,0.0,1.0,1.0,0.0,0.0,0.0,0.0,0.0,0.0,0.0,0.0,1.0,0,0,0,0,0,0,0,56,3,0.0,0.0,0.0,0.0,0.0,0.0,0.0,4.0,1,387.12,0,0.0
5780193214637,Doces & Confeitaria,150000.0,16500.0,0.0,0.0,0.0,150.0,5,4.25,150.0,1.0,0.0,1,1,0,213.5,0.0,0.0,0.0,1.0,1.0,0.0,0.0,0.0,0.0,0.0,0.0,0.0,0.0,1.0,0,0,0,0,0,0,0,56,3,0.0,0.0,0.0,0.0,0.0,0.0,0.0,0.0,2,3318.18,0,21.3234
5783618650285,Restaurante Brasileiro,85000.0,6500.0,1.0,0.0,0.0,0.0,1,0.0,0.0,0.0,0.0,0,1,1,213.5,0.0,0.0,0.0,1.0,1.0,0.0,0.0,0.0,0.0,0.0,0.0,0.0,0.0,1.0,0,0,0,0,0,0,0,56,3,0.0,0.0,0.0,0.0,0.0,0.0,0.0,1.0,1,4773.08,0,0.0
5784788140205,Padaria,600.0,16500.0,0.0,0.0,0.0,0.0,0,0.0,0.0,0.0,0.0,0,0,0,213.5,0.0,0.0,0.0,1.0,1.0,0.0,0.0,0.0,0.0,0.0,0.0,0.0,0.0,1.0,0,0,0,0,0,0,0,47,2,0.0,0.0,0.0,0.0,0.0,0.0,0.0,0.0,0,13.27,0,0.0
5785204981933,Padaria,4000.0,16500.0,0.0,1.0,1.0,0.0,0,0.0,0.0,0.0,0.0,0,0,0,206.2,0.0,0.0,0.0,1.0,1.0,0.0,0.0,0.0,0.0,0.0,0.0,0.0,0.0,1.0,0,0,0,0,0,0,0,10,0,0.0,0.0,0.0,0.0,0.0,0.0,0.0,2.0,0,88.48,0,0.0
5786529136813,Restaurante Brasileiro,9000.0,6500.0,4.0,0.0,1.0,40.0,3,4.25,400.0,1.0,0.0,1,1,0,206.2,0.0,0.0,0.0,1.0,1.0,0.0,0.0,0.0,0.0,0.0,0.0,0.0,0.0,1.0,0,0,0,0,0,0,0,56,3,0.0,0.0,0.0,0.0,0.0,0.0,0.0,5.0,2,505.38,0,25.4743
5790229463213,Hambúrguer,150000.0,6500.0,1.0,0.0,1.0,0.0,0,0.0,0.0,0.0,0.0,0,0,0,230.5,0.0,0.0,1.0,0.0,1.0,0.0,0.0,0.0,0.0,0.0,1.0,0.0,0.0,0.0,0,0,0,0,0,0,0,56,3,0.0,0.0,0.0,0.0,0.0,0.0,0.0,2.0,0,8423.08,0,0.0
5798031917229,Restaurante Brasileiro,85000.0,16500.0,0.0,0.0,0.0,0.0,0,3.5,150.0,1.0,0.0,1,0,0,206.2,0.0,0.0,0.0,1.0,1.0,0.0,0.0,0.0,0.0,0.0,0.0,0.0,0.0,1.0,0,0,0,0,0,0,0,56,3,0.0,0.0,0.0,0.0,0.0,0.0,0.0,0.0,1,1880.3,0,17.5605
5798103023789,Lanches & Salgados,85000.0,16500.0,0.0,0.0,1.0,2.5,1,0.0,0.0,0.0,0.0,0,1,0,230.5,0.0,0.0,0.0,1.0,1.0,0.0,0.0,0.0,0.0,0.0,0.0,0.0,0.0,1.0,0,0,0,0,0,0,0,56,3,0.0,0.0,0.0,0.0,0.0,0.0,0.0,1.0,1,1880.3,0,0.0
5799764689069,Padaria,40000.0,16500.0,0.0,0.0,0.0,0.0,1,4.75,3750.0,1.0,0.0,1,1,0,206.2,0.0,0.0,0.0,1.0,1.0,0.0,0.0,0.0,0.0,0.0,0.0,0.0,0.0,1.0,0,0,0,0,0,0,0,10,0,0.0,0.0,0.0,0.0,0.0,0.0,0.0,0.0,2,884.85,0,39.0914
5801890709677,Padaria,60000.0,16500.0,0.0,0.0,0.0,0.0,1,4.25,875.0,1.0,0.0,1,1,0,206.2,0.0,0.0,0.0,1.0,1.0,0.0,0.0,0.0,0.0,0.0,0.0,0.0,0.0,1.0,0,0,0,0,0,0,0,10,0,0.0,0.0,0.0,0.0,0.0,0.0,0.0,0.0,2,1327.27,0,28.7953
5806617165997,Restaurante Brasileiro,12500.0,16500.0,0.0,0.0,0.0,0.0,0,4.25,625.0,1.0,0.0,1,0,0,206.2,0.0,0.0,0.0,1.0,1.0,0.0,0.0,0.0,0.0,0.0,0.0,0.0,0.0,1.0,0,0,0,0,0,0,0,56,3,0.0,0.0,0.0,0.0,0.0,0.0,0.0,0.0,1,276.52,0,27.3672
5812739899565,Mercearia & Mercado,9000.0,6500.0,0.0,0.0,0.0,0.0,0,0.0,0.0,0.0,0.0,0,0,0,213.5,0.0,0.0,0.0,1.0,1.0,0.0,0.0,0.0,0.0,0.0,0.0,0.0,0.0,1.0,0,0,0,0,0,0,0,47,2,0.0,0.0,0.0,0.0,0.0,0.0,0.0,0.0,0,505.38,0,0.0
5812869038253,Padaria,12500.0,16500.0,0.0,0.0,0.0,0.0,0,0.0,0.0,0.0,0.0,0,0,0,213.5,0.0,0.0,0.0,1.0,1.0,0.0,0.0,0.0,0.0,0.0,0.0,1.0,0.0,0.0,0,0,0,0,0,0,0,10,0,0.0,0.0,0.0,0.0,0.0,0.0,0.0,0.0,0,276.52,0,0.0
5813004370093,Restaurante Brasileiro,9000.0,6500.0,0.0,0.0,1.0,0.0,0,0.0,0.0,0.0,1.0,0,0,0,213.5,0.0,0.0,0.0,1.0,1.0,0.0,0.0,0.0,0.0,0.0,0.0,0.0,0.0,1.0,0,0,0,0,0,0,0,56,3,0.0,0.0,0.0,0.0,0.0,0.0,0.0,1.0,0,505.38,0,0.0
5818513227949,Padaria,17500.0,16500.0,0.0,0.0,0.0,0.0,0,4.25,625.0,1.0,0.0,1,0,0,206.2,0.0,0.0,0.0,1.0,1.0,0.0,0.0,0.0,0.0,0.0,0.0,0.0,0.0,1.0,0,0,0,0,0,0,0,10,0,0.0,0.0,0.0,0.0,0.0,0.0,0.0,0.0,1,387.12,0,27.3672
5820636561581,Padaria,85000.0,6500.0,0.0,0.0,0.0,0.0,0,0.0,0.0,0.0,0.0,0,0,0,230.5,0.0,0.0,0.0,1.0,1.0,0.0,0.0,0.0,0.0,0.0,0.0,0.0,0.0,1.0,0,0,0,0,0,0,0,10,0,0.0,0.0,0.0,0.0,0.0,0.0,0.0,0.0,0,4773.08,0,0.0
5825530233005,Hotel,600000.0,16500.0,0.0,0.0,1.0,0.0,0,4.25,1750.0,1.0,0.0,1,0,0,206.2,0.0,0.0,0.0,1.0,1.0,0.0,0.0,0.0,0.0,0.0,1.0,0.0,0.0,0.0,0,0,0,0,0,0,0,55,3,0.0,0.0,0.0,0.0,0.0,0.0,0.0,1.0,1,13272.73,0,31.7388
5827371270317,Mercearia & Mercado,60000.0,6500.0,0.0,0.0,0.0,0.0,0,0.0,0.0,0.0,0.0,0,0,0,213.5,0.0,0.0,0.0,1.0,1.0,0.0,0.0,0.0,0.0,0.0,0.0,0.0,0.0,1.0,0,0,0,0,0,0,0,47,2,0.0,0.0,0.0,0.0,0.0,0.0,0.0,0.0,0,3369.23,0,0.0
5831418118317,Padaria,150000.0,16500.0,0.0,0.0,1.0,0.0,0,4.75,1750.0,1.0,0.0,1,0,0,230.5,0.0,0.0,0.0,1.0,1.0,0.0,0.0,0.0,0.0,0.0,0.0,0.0,0.0,1.0,0,0,0,0,0,0,0,10,0,0.0,0.0,0.0,0.0,0.0,0.0,0.0,1.0,1,3318.18,0,35.4727
5832302002349,Bar,40000.0,6500.0,0.0,0.0,0.0,2.5,5,4.25,1750.0,1.0,0.0,1,1,0,206.2,0.0,0.0,0.0,1.0,1.0,0.0,0.0,0.0,0.0,0.0,0.0,0.0,0.0,1.0,0,0,0,0,0,0,0,56,3,0.0,0.0,0.0,0.0,0.0,0.0,0.0,0.0,2,2246.15,0,31.7388
5833998434477,Restaurante Brasileiro,9000.0,16500.0,0.0,0.0,0.0,350.0,4,4.25,400.0,1.0,0.0,1,1,0,206.2,0.0,0.0,0.0,1.0,1.0,0.0,0.0,0.0,0.0,0.0,0.0,0.0,0.0,1.0,0,0,0,0,0,0,0,56,3,0.0,0.0,0.0,0.0,0.0,0.0,0.0,0.0,2,199.09,0,25.4743
5834091430061,Saudável,60000.0,6500.0,0.0,0.0,0.0,1250.0,4,4.75,1750.0,1.0,0.0,1,1,0,206.2,0.0,0.0,0.0,1.0,1.0,0.0,0.0,0.0,0.0,0.0,0.0,0.0,0.0,1.0,0,0,0,0,0,0,0,56,3,0.0,0.0,0.0,0.0,0.0,0.0,0.0,0.0,2,3369.23,0,35.4727
5834180722861,Conveniência,85000.0,6500.0,0.0,0.0,1.0,40.0,3,4.25,250.0,1.0,0.0,1,1,0,230.5,0.0,1.0,0.0,0.0,1.0,0.0,0.0,0.0,0.0,0.0,0.0,0.0,0.0,1.0,0,0,0,0,0,0,0,56,3,0.0,0.0,0.0,0.0,0.0,0.0,0.0,1.0,2,4773.08,0,23.4832
5843535397037,Churrascaria,25000.0,6500.0,0.0,0.0,1.0,350.0,2,4.25,7500.0,1.0,0.0,1,1,0,206.2,0.0,0.0,0.0,1.0,1.0,0.0,0.0,0.0,0.0,0.0,0.0,0.0,0.0,1.0,0,0,0,0,0,0,0,56,3,0.0,0.0,0.0,0.0,0.0,0.0,0.0,1.0,2,1403.85,0,37.9219
5843674824877,Restaurante Brasileiro,85000.0,6500.0,2.0,0.0,0.0,0.0,0,4.25,1750.0,1.0,0.0,1,0,1,230.5,0.0,0.0,0.0,1.0,1.0,0.0,0.0,0.0,0.0,0.0,0.0,0.0,0.0,1.0,0,0,0,0,0,0,0,56,3,0.0,0.0,0.0,0.0,0.0,0.0,0.0,2.0,1,4773.08,0,31.7388
5844887863469,Hambúrguer,25000.0,6500.0,1.0,0.0,1.0,0.0,1,4.25,40.0,1.0,0.0,1,1,1,213.5,0.0,0.0,0.0,1.0,1.0,0.0,0.0,0.0,0.0,0.0,1.0,0.0,0.0,0.0,0,1,0,0,0,0,0,56,3,0.0,0.0,0.0,0.0,0.0,0.0,0.0,2.0,2,1403.85,0,15.7827
5847486824621,Pizza & Massas,9000.0,6500.0,0.0,0.0,0.0,75.0,1,0.0,0.0,0.0,0.0,0,1,0,206.2,0.0,0.0,0.0,1.0,1.0,0.0,0.0,0.0,0.0,0.0,0.0,0.0,1.0,0.0,0,0,0,0,0,0,0,56,3,0.0,0.0,0.0,0.0,0.0,0.0,0.0,0.0,1,505.38,0,0.0
5847815291053,Japonês & Chinês & Asiático,150000.0,6500.0,1.0,0.0,0.0,25.0,3,4.25,625.0,1.0,0.0,1,1,0,230.5,0.0,0.0,0.0,1.0,1.0,0.0,0.0,0.0,0.0,0.0,0.0,0.0,0.0,1.0,0,0,0,0,0,0,0,56,3,0.0,0.0,0.0,0.0,0.0,0.0,0.0,1.0,2,8423.08,0,27.3672
5851605401773,Restaurante Brasileiro,150000.0,1025.0,0.0,0.0,0.0,0.0,0,2.5,2.5,1.0,0.0,1,0,0,206.2,0.0,0.0,0.0,1.0,1.0,0.0,0.0,0.0,0.0,1.0,0.0,0.0,0.0,0.0,0,0,0,0,0,0,0,56,3,0.0,0.0,0.0,0.0,0.0,0.0,0.0,0.0,1,53414.63,0,3.1319
5852461891757,Hotel,9000.0,6500.0,0.0,0.0,1.0,0.0,0,2.5,2.5,1.0,0.0,1,0,0,206.2,0.0,1.0,0.0,0.0,1.0,0.0,0.0,0.0,0.0,1.0,0.0,0.0,0.0,0.0,0,0,0,0,0,0,0,55,3,0.0,0.0,0.0,0.0,0.0,0.0,0.0,1.0,1,505.38,0,3.1319
5860873732269,Hotel,25000.0,6500.0,0.0,0.0,0.0,0.0,0,3.5,400.0,1.0,0.0,1,0,0,206.2,0.0,0.0,0.0,1.0,1.0,0.0,0.0,0.0,0.0,0.0,0.0,0.0,0.0,1.0,0,0,0,0,0,0,0,55,3,0.0,0.0,0.0,0.0,0.0,0.0,0.0,0.0,1,1403.85,0,20.9789
5860885233837,Bar,12500.0,16500.0,0.0,0.0,0.0,0.0,0,0.0,0.0,0.0,0.0,0,0,0,206.2,0.0,0.0,0.0,1.0,1.0,0.0,0.0,0.0,0.0,0.0,0.0,0.0,0.0,1.0,0,0,0,0,0,0,0,56,3,0.0,0.0,0.0,0.0,0.0,0.0,0.0,0.0,0,276.52,0,0.0
5861054218413,Mercearia & Mercado,25000.0,6500.0,0.0,0.0,0.0,0.0,0,3.5,150.0,1.0,0.0,1,0,0,213.5,0.0,0.0,0.0,1.0,1.0,0.0,0.0,0.0,0.0,0.0,0.0,0.0,1.0,0.0,0,0,0,0,0,0,0,47,2,0.0,0.0,0.0,0.0,0.0,0.0,0.0,0.0,1,1403.85,0,17.5605
5861845434541,Padaria,17500.0,6500.0,0.0,0.0,0.0,0.0,0,4.25,150.0,1.0,0.0,1,0,0,206.2,0.0,0.0,0.0,1.0,1.0,0.0,0.0,0.0,0.0,0.0,0.0,0.0,0.0,1.0,0,0,0,0,0,0,0,47,2,0.0,0.0,0.0,0.0,0.0,0.0,0.0,0.0,1,982.69,0,21.3234
5864053571757,Padaria,9000.0,6500.0,3.0,0.0,1.0,15.0,1,0.0,0.0,0.0,1.0,0,1,1,213.5,0.0,0.0,0.0,1.0,1.0,0.0,0.0,0.0,0.0,0.0,0.0,0.0,0.0,1.0,0,1,0,1,0,0,0,56,3,0.0,0.0,0.0,0.0,0.0,0.0,0.0,4.0,1,505.38,0,0.0
5864371781805,Restaurante Brasileiro,40000.0,6500.0,2.0,0.0,1.0,150.0,2,0.0,0.0,0.0,0.0,0,1,0,206.2,0.0,0.0,0.0,1.0,1.0,0.0,0.0,0.0,0.0,0.0,0.0,0.0,0.0,1.0,0,0,0,0,0,0,0,56,3,0.0,0.0,0.0,0.0,0.0,0.0,0.0,3.0,1,2246.15,0,0.0
5865020227757,Padaria,9000.0,16500.0,0.0,0.0,1.0,0.0,0,0.0,0.0,0.0,0.0,0,0,0,213.5,0.0,0.0,1.0,0.0,1.0,0.0,0.0,0.0,0.0,0.0,0.0,0.0,1.0,0.0,0,0,0,0,0,0,0,10,0,0.0,0.0,0.0,0.0,0.0,0.0,0.0,1.0,0,199.09,0,0.0
5865063841965,Padaria,25000.0,16500.0,0.0,0.0,0.0,0.0,0,4.25,150.0,1.0,0.0,1,0,0,206.2,0.0,0.0,0.0,1.0,1.0,0.0,0.0,0.0,0.0,0.0,0.0,0.0,0.0,1.0,0,0,0,0,0,0,0,10,0,0.0,0.0,0.0,0.0,0.0,0.0,0.0,0.0,1,553.03,0,21.3234
5865126756525,Bar,4000.0,16500.0,3.0,7.0,1.0,0.0,0,4.25,150.0,1.0,0.0,1,0,1,213.5,0.0,0.0,0.0,1.0,1.0,0.0,0.0,0.0,0.0,1.0,0.0,0.0,0.0,0.0,0,0,0,0,0,0,1,47,2,0.0,0.0,0.0,0.0,0.0,0.0,0.0,11.0,1,88.48,0,21.3234
5865251143853,Bar,40000.0,6500.0,1.0,0.0,1.0,0.0,0,0.0,0.0,0.0,0.0,0,0,1,213.5,0.0,0.0,0.0,1.0,1.0,0.0,0.0,0.0,0.0,0.0,0.0,0.0,0.0,1.0,0,1,0,0,0,0,0,47,2,0.0,0.0,0.0,0.0,0.0,0.0,0.0,2.0,0,2246.15,0,0.0
5873137385645,Restaurante Brasileiro,150000.0,16500.0,0.0,0.0,0.0,0.0,0,4.25,625.0,1.0,0.0,1,0,0,206.2,0.0,0.0,0.0,1.0,1.0,0.0,0.0,0.0,0.0,0.0,0.0,0.0,0.0,1.0,0,0,0,0,0,0,0,56,3,0.0,0.0,0.0,0.0,0.0,0.0,0.0,0.0,1,3318.18,0,27.3672
5874588287149,Doces & Confeitaria,150000.0,6500.0,0.0,0.0,0.0,0.0,0,0.0,0.0,0.0,0.0,0,0,0,230.5,0.0,0.0,0.0,1.0,1.0,0.0,0.0,0.0,0.0,0.0,0.0,0.0,0.0,1.0,0,0,0,0,0,0,0,56,3,0.0,0.0,0.0,0.0,0.0,0.0,0.0,0.0,0,8423.08,0,0.0
5874602737837,Padaria,85000.0,16500.0,0.0,0.0,1.0,0.0,0,0.0,0.0,0.0,0.0,0,0,0,206.2,0.0,0.0,0.0,1.0,1.0,0.0,0.0,0.0,0.0,0.0,0.0,0.0,0.0,1.0,0,0,0,0,0,0,0,47,2,0.0,0.0,0.0,0.0,0.0,0.0,0.0,1.0,0,1880.3,0,0.0
5875250528429,Pizza & Massas,600000.0,6500.0,0.0,0.0,0.0,0.0,0,4.25,3750.0,1.0,0.0,1,0,0,206.2,0.0,0.0,0.0,1.0,1.0,0.0,0.0,0.0,0.0,0.0,0.0,0.0,0.0,1.0,0,0,0,0,0,0,0,56,3,0.0,0.0,0.0,0.0,0.0,0.0,0.0,0.0,1,33692.31,0,34.9766
5877234303149,Hotel,5500000.0,16500.0,0.0,0.0,1.0,0.0,0,0.0,0.0,0.0,0.0,0,0,0,205.4,0.0,0.0,0.0,1.0,1.0,0.0,0.0,0.0,0.0,0.0,0.0,0.0,0.0,1.0,0,0,0,0,0,0,0,55,3,0.0,0.0,0.0,0.0,0.0,0.0,0.0,1.0,0,121666.67,0,0.0
5877238235309,Hotel,150000.0,6500.0,0.0,0.0,1.0,0.0,0,2.5,2.5,1.0,0.0,1,0,0,206.2,0.0,0.0,0.0,1.0,1.0,0.0,0.0,0.0,0.0,1.0,0.0,0.0,0.0,0.0,0,0,0,0,0,0,0,55,3,0.0,0.0,0.0,0.0,0.0,0.0,0.0,1.0,1,8423.08,0,3.1319
5877523972269,Restaurante Brasileiro,9000.0,6500.0,0.0,0.0,0.0,150.0,1,0.0,0.0,0.0,0.0,0,1,0,206.2,1.0,0.0,0.0,0.0,1.0,0.0,0.0,0.0,0.0,0.0,0.0,0.0,1.0,0.0,0,0,0,0,0,0,0,56,3,0.0,0.0,0.0,0.0,0.0,0.0,0.0,0.0,1,505.38,0,0.0
5877542125741,Restaurante Brasileiro,85000.0,16500.0,0.0,0.0,0.0,350.0,5,4.25,3750.0,1.0,0.0,1,1,0,230.5,0.0,0.0,0.0,1.0,1.0,0.0,0.0,0.0,0.0,0.0,0.0,0.0,0.0,1.0,0,0,0,0,0,0,0,56,3,0.0,0.0,0.0,0.0,0.0,0.0,0.0,0.0,2,1880.3,0,34.9766
5888591429805,Pizza & Massas,85000.0,6500.0,2.0,0.0,0.0,1250.0,3,0.0,0.0,0.0,0.0,0,1,1,230.5,0.0,0.0,0.0,1.0,1.0,0.0,0.0,0.0,0.0,0.0,0.0,0.0,1.0,0.0,0,0,0,0,1,0,0,56,3,0.0,0.0,0.0,0.0,0.0,0.0,0.0,2.0,1,4773.08,0,0.0
5888594346157,Pizza & Massas,85000.0,6500.0,0.0,0.0,0.0,350.0,1,3.5,15.0,1.0,0.0,1,1,0,230.5,0.0,0.0,0.0,1.0,1.0,0.0,0.0,0.0,0.0,0.0,0.0,0.0,0.0,1.0,0,0,0,0,0,0,0,56,3,0.0,0.0,0.0,0.0,0.0,0.0,0.0,0.0,2,4773.08,0,9.7041
5888833781933,Restaurante Brasileiro,25000.0,16500.0,0.0,0.0,1.0,350.0,4,0.0,0.0,0.0,0.0,0,1,0,206.2,0.0,0.0,0.0,1.0,1.0,0.0,0.0,0.0,0.0,0.0,0.0,0.0,0.0,1.0,0,0,0,0,0,0,0,56,3,0.0,0.0,0.0,0.0,0.0,0.0,0.0,1.0,1,553.03,0,0.0
5888882507949,Hotel,600.0,6500.0,32.0,0.0,1.0,0.0,0,0.0,0.0,0.0,0.0,0,0,0,206.2,0.0,0.0,0.0,1.0,1.0,0.0,0.0,0.0,0.0,0.0,0.0,0.0,0.0,1.0,0,0,0,0,0,0,0,55,3,0.0,0.0,0.0,0.0,0.0,0.0,0.0,33.0,0,33.69,0,0.0
5888941949101,Japonês & Chinês & Asiático,9000.0,16500.0,4.0,0.0,1.0,0.0,0,4.25,625.0,1.0,0.0,1,0,0,206.2,0.0,0.0,0.0,1.0,1.0,0.0,0.0,0.0,0.0,0.0,0.0,0.0,0.0,1.0,0,0,0,0,0,0,0,56,3,0.0,0.0,0.0,0.0,0.0,0.0,0.0,5.0,1,199.09,0,27.3672
5890323742893,Padaria,40000.0,6500.0,0.0,0.0,1.0,0.0,0,4.25,75.0,1.0,0.0,1,0,0,213.5,0.0,0.0,0.0,1.0,1.0,0.0,0.0,0.0,0.0,0.0,0.0,1.0,0.0,0.0,0,0,0,0,0,0,0,10,0,0.0,0.0,0.0,0.0,0.0,0.0,0.0,1.0,1,2246.15,0,18.4056
5892204167341,Restaurante Brasileiro,100.5,6500.0,1.0,0.0,0.0,0.0,0,0.0,0.0,0.0,0.0,0,0,1,206.2,0.0,0.0,0.0,1.0,1.0,0.0,0.0,0.0,0.0,0.0,0.0,0.0,0.0,1.0,0,0,0,0,0,0,1,47,2,0.0,0.0,0.0,0.0,0.0,0.0,0.0,1.0,0,5.64,0,0.0
5892513661101,Padaria,85000.0,6500.0,0.0,0.0,1.0,0.0,0,4.25,400.0,1.0,0.0,1,0,0,206.2,0.0,0.0,0.0,1.0,1.0,0.0,0.0,0.0,0.0,0.0,0.0,0.0,0.0,1.0,0,0,0,0,0,0,0,10,0,0.0,0.0,0.0,0.0,0.0,0.0,0.0,1.0,1,4773.08,0,25.4743
5892583063725,Restaurante Brasileiro,9000.0,6500.0,19.0,0.0,1.0,0.0,2,0.0,0.0,0.0,0.0,0,1,1,206.2,0.0,0.0,0.0,1.0,1.0,0.0,0.0,0.0,0.0,0.0,0.0,0.0,0.0,1.0,1,0,0,0,0,0,0,47,2,0.0,0.0,0.0,0.0,0.0,0.0,0.0,20.0,1,505.38,0,0.0
5893380178093,Restaurante Brasileiro,25000.0,6500.0,0.0,0.0,0.0,0.0,0,0.0,0.0,0.0,0.0,0,0,0,206.2,0.0,0.0,0.0,1.0,1.0,0.0,0.0,0.0,0.0,0.0,0.0,0.0,0.0,1.0,0,0,0,0,0,0,0,56,3,0.0,0.0,0.0,0.0,0.0,0.0,0.0,0.0,0,1403.85,0,0.0
5893420056749,Restaurante Brasileiro,9000.0,6500.0,1.0,0.0,0.0,75.0,5,0.0,0.0,0.0,0.0,0,1,0,206.2,0.0,0.0,0.0,1.0,1.0,0.0,0.0,0.0,0.0,0.0,0.0,0.0,0.0,1.0,0,0,0,0,0,0,0,56,3,0.0,0.0,0.0,0.0,0.0,0.0,0.0,1.0,1,505.38,0,0.0
5893467635885,Restaurante Brasileiro,12500.0,16500.0,0.0,0.0,0.0,0.0,0,4.75,3750.0,1.0,0.0,1,0,0,206.2,0.0,0.0,0.0,1.0,1.0,0.0,0.0,0.0,0.0,0.0,0.0,0.0,0.0,1.0,0,0,0,0,0,0,0,56,3,0.0,0.0,0.0,0.0,0.0,0.0,0.0,0.0,1,276.52,0,39.0914
5893593235629,Japonês & Chinês & Asiático,150000.0,16500.0,0.0,0.0,1.0,750.0,4,4.25,1750.0,1.0,0.0,1,1,0,230.5,0.0,0.0,0.0,1.0,1.0,0.0,0.0,0.0,0.0,0.0,1.0,0.0,0.0,0.0,0,0,0,0,0,0,0,56,3,0.0,0.0,0.0,0.0,0.0,0.0,0.0,1.0,2,3318.18,0,31.7388
5894711738541,Restaurante Brasileiro,9000.0,6500.0,0.0,0.0,0.0,0.0,0,0.0,0.0,0.0,0.0,0,0,0,213.5,0.0,0.0,0.0,1.0,0.0,0.0,0.0,1.0,0.0,0.0,0.0,0.0,0.0,0.0,0,0,0,0,0,0,0,56,3,0.0,0.0,0.0,0.0,0.0,0.0,0.0,0.0,0,505.38,0,0.0
5896797159597,Distribuidor,150000.0,4500.0,0.0,0.0,0.0,0.0,0,0.0,0.0,0.0,0.0,0,0,0,230.5,0.0,1.0,0.0,0.0,1.0,0.0,0.0,0.0,0.0,0.0,1.0,0.0,0.0,0.0,0,0,0,0,0,0,0,46,2,0.0,0.0,0.0,0.0,0.0,0.0,0.0,0.0,0,12166.67,0,0.0
5897415229613,Restaurante Brasileiro,17500.0,6500.0,0.0,0.0,1.0,0.0,0,4.25,75.0,1.0,0.0,1,0,0,206.2,0.0,0.0,0.0,1.0,1.0,0.0,0.0,0.0,0.0,0.0,0.0,1.0,0.0,0.0,0,0,0,0,0,0,0,56,3,0.0,0.0,0.0,0.0,0.0,0.0,0.0,1.0,1,982.69,0,18.4056
5899570348205,Cafeteria,17500.0,6500.0,0.0,0.0,0.0,25.0,1,4.25,40.0,1.0,0.0,1,1,0,213.5,0.0,0.0,0.0,1.0,1.0,0.0,0.0,0.0,0.0,0.0,0.0,0.0,0.0,1.0,0,0,0,0,0,0,0,56,3,0.0,0.0,0.0,0.0,0.0,0.0,0.0,0.0,2,982.69,0,15.7827
5900863406253,Padaria,85000.0,6500.0,0.0,0.0,0.0,0.0,0,0.0,0.0,0.0,0.0,0,0,0,213.5,0.0,0.0,0.0,1.0,1.0,0.0,0.0,0.0,0.0,0.0,1.0,0.0,0.0,0.0,0,0,0,0,0,0,0,47,2,0.0,0.0,0.0,0.0,0.0,0.0,0.0,0.0,0,4773.08,0,0.0
5900953878701,Padaria,12500.0,16500.0,0.0,0.0,0.0,0.0,0,0.0,0.0,0.0,0.0,0,0,0,213.5,0.0,0.0,0.0,1.0,1.0,0.0,0.0,0.0,0.0,0.0,0.0,1.0,0.0,0.0,0,0,0,0,0,0,0,10,0,0.0,0.0,0.0,0.0,0.0,0.0,0.0,0.0,0,276.52,0,0.0
5902145290413,Hambúrguer,40000.0,16500.0,2.0,1.0,1.0,0.0,0,4.25,1750.0,1.0,0.0,1,0,1,206.2,0.0,0.0,0.0,1.0,1.0,0.0,0.0,0.0,0.0,0.0,0.0,0.0,0.0,1.0,0,0,0,1,0,0,0,56,3,0.0,0.0,0.0,0.0,0.0,0.0,0.0,4.0,1,884.85,0,31.7388
5903969812653,Saudável,85000.0,4500.0,3.0,0.0,0.0,750.0,4,4.75,1750.0,1.0,0.0,1,1,0,206.2,0.0,0.0,0.0,1.0,1.0,0.0,0.0,0.0,0.0,0.0,0.0,0.0,0.0,1.0,0,0,0,0,0,0,0,56,3,0.0,0.0,0.0,0.0,0.0,0.0,0.0,3.0,2,6894.44,0,35.4727
5903977283757,Restaurante Brasileiro,85000.0,6500.0,2.0,0.0,1.0,350.0,4,4.25,1750.0,1.0,0.0,1,1,1,206.2,0.0,0.0,0.0,1.0,1.0,0.0,0.0,0.0,0.0,0.0,0.0,0.0,0.0,1.0,0,0,0,0,0,1,0,56,3,0.0,0.0,0.0,0.0,0.0,0.0,0.0,3.0,2,4773.08,0,31.7388
5905261232301,Lanches & Salgados,17500.0,16500.0,0.0,0.0,0.0,0.0,0,4.25,150.0,1.0,0.0,1,0,0,206.2,0.0,0.0,0.0,1.0,1.0,0.0,0.0,0.0,0.0,0.0,0.0,1.0,0.0,0.0,0,0,0,0,0,0,0,10,0,0.0,0.0,0.0,0.0,0.0,0.0,0.0,0.0,1,387.12,0,21.3234
5909284454573,Restaurante Brasileiro,85000.0,1025.0,1.0,0.0,0.0,0.0,0,0.0,0.0,0.0,0.0,0,0,1,206.2,0.0,0.0,0.0,1.0,1.0,0.0,0.0,0.0,0.0,0.0,0.0,0.0,0.0,1.0,0,0,0,0,0,0,0,56,3,0.0,0.0,0.0,0.0,0.0,0.0,0.0,1.0,0,30268.29,0,0.0
5909448392877,Pizza & Massas,25000.0,6500.0,0.0,0.0,1.0,7.5,1,0.0,0.0,0.0,0.0,0,1,0,206.2,0.0,0.0,0.0,1.0,1.0,0.0,0.0,0.0,0.0,0.0,0.0,1.0,0.0,0.0,0,0,0,0,0,0,0,56,3,0.0,0.0,0.0,0.0,0.0,0.0,0.0,1.0,1,1403.85,0,0.0
5909518057645,Pizza & Massas,25000.0,6500.0,0.0,0.0,1.0,150.0,5,0.0,0.0,0.0,0.0,0,1,0,206.2,0.0,0.0,0.0,1.0,1.0,0.0,0.0,0.0,0.0,0.0,0.0,0.0,0.0,1.0,0,0,0,0,0,0,0,56,3,0.0,0.0,0.0,0.0,0.0,0.0,0.0,1.0,1,1403.85,0,0.0
5909532901549,Mercearia & Mercado,40000.0,16500.0,126.0,0.0,1.0,0.0,0,0.0,0.0,0.0,0.0,0,0,0,206.2,0.0,0.0,0.0,1.0,1.0,0.0,0.0,0.0,0.0,0.0,0.0,0.0,0.0,1.0,0,0,0,0,0,0,0,47,2,0.0,0.0,0.0,0.0,0.0,0.0,0.0,127.0,0,884.85,0,0.0
5910593732781,Japonês & Chinês & Asiático,85000.0,6500.0,0.0,0.0,0.0,75.0,3,4.25,400.0,1.0,0.0,1,1,0,230.5,0.0,0.0,0.0,1.0,1.0,0.0,0.0,0.0,0.0,0.0,0.0,0.0,0.0,1.0,0,0,0,0,0,0,0,56,3,0.0,0.0,0.0,0.0,0.0,0.0,0.0,0.0,2,4773.08,0,25.4743
5911719149741,Restaurante Brasileiro,17500.0,6500.0,0.0,0.0,0.0,350.0,3,4.25,625.0,1.0,0.0,1,1,0,206.2,0.0,0.0,0.0,1.0,1.0,0.0,0.0,0.0,0.0,0.0,0.0,1.0,0.0,0.0,0,0,0,0,0,0,0,56,3,0.0,0.0,0.0,0.0,0.0,0.0,0.0,0.0,2,982.69,0,27.3672
5911790518445,Hotel,85000.0,6500.0,0.0,0.0,0.0,0.0,0,0.0,0.0,0.0,0.0,0,0,0,230.5,0.0,0.0,0.0,1.0,1.0,0.0,0.0,0.0,0.0,0.0,0.0,1.0,0.0,0.0,0,0,0,0,0,0,0,55,3,0.0,0.0,0.0,0.0,0.0,0.0,0.0,0.0,0,4773.08,0,0.0
5912647434413,Lanches & Salgados,85000.0,6500.0,14.0,0.0,1.0,0.0,0,4.75,2.5,1.0,0.0,1,0,0,230.5,0.0,0.0,0.0,1.0,1.0,0.0,0.0,0.0,0.0,0.0,0.0,1.0,0.0,0.0,0,0,0,0,0,0,0,93,5,0.0,0.0,0.0,0.0,0.0,0.0,0.0,15.0,1,4773.08,0,5.9506
5913301287085,Lanches & Salgados,9000.0,6500.0,2.0,1.0,0.0,0.0,1,4.25,400.0,1.0,0.0,1,1,0,206.2,0.0,0.0,0.0,1.0,1.0,0.0,0.0,0.0,0.0,0.0,0.0,0.0,0.0,1.0,0,0,0,0,0,0,0,56,3,0.0,0.0,0.0,0.0,0.0,0.0,0.0,3.0,2,505.38,0,25.4743
5913658032301,Hotel,25000.0,6500.0,0.0,0.0,0.0,0.0,0,2.5,2.5,1.0,0.0,1,0,0,206.2,0.0,0.0,0.0,1.0,1.0,0.0,0.0,0.0,0.0,1.0,0.0,0.0,0.0,0.0,0,0,0,0,0,0,0,55,3,0.0,0.0,0.0,0.0,0.0,0.0,0.0,0.0,1,1403.85,0,3.1319
5917206610093,Mercearia & Mercado,6500.0,16500.0,0.0,0.0,0.0,0.0,0,0.0,0.0,0.0,0.0,0,0,0,206.2,0.0,0.0,0.0,1.0,1.0,0.0,0.0,0.0,0.0,0.0,0.0,0.0,0.0,1.0,0,0,0,0,0,0,0,47,2,0.0,0.0,0.0,0.0,0.0,0.0,0.0,0.0,0,143.79,0,0.0
5917456433325,Bar,4000.0,16500.0,2.0,0.0,1.0,40.0,1,0.0,0.0,0.0,0.0,0,1,0,206.2,0.0,0.0,0.0,1.0,1.0,0.0,0.0,0.0,0.0,0.0,0.0,0.0,0.0,1.0,0,0,0,0,0,0,0,56,3,0.0,0.0,0.0,0.0,0.0,0.0,0.0,3.0,1,88.48,0,0.0
5919309332653,Padaria,85000.0,6500.0,0.0,0.0,0.0,0.0,0,0.0,0.0,0.0,0.0,0,0,0,206.2,0.0,0.0,0.0,1.0,1.0,0.0,0.0,0.0,0.0,0.0,0.0,0.0,0.0,1.0,0,0,0,0,0,0,0,10,0,0.0,0.0,0.0,0.0,0.0,0.0,0.0,0.0,0,4773.08,0,0.0
5919487656109,Restaurante Brasileiro,85000.0,16500.0,0.0,0.0,0.0,0.0,0,4.75,625.0,1.0,0.0,1,0,0,230.5,0.0,0.0,0.0,1.0,1.0,0.0,0.0,0.0,0.0,0.0,0.0,0.0,0.0,1.0,0,0,0,0,0,0,0,56,3,0.0,0.0,0.0,0.0,0.0,0.0,0.0,0.0,1,1880.3,0,30.5869
5919554109613,Mercearia & Mercado,40000.0,16500.0,0.0,0.0,0.0,0.0,0,0.0,0.0,0.0,0.0,0,0,0,213.5,0.0,0.0,0.0,1.0,1.0,0.0,0.0,0.0,0.0,0.0,0.0,0.0,1.0,0.0,0,0,0,0,0,0,0,47,2,0.0,0.0,0.0,0.0,0.0,0.0,0.0,0.0,0,884.85,0,0.0
5919865864365,Restaurante Brasileiro,150000.0,6500.0,0.0,0.0,0.0,0.0,0,0.0,0.0,0.0,1.0,0,0,0,206.2,0.0,0.0,0.0,1.0,1.0,0.0,0.0,0.0,0.0,0.0,0.0,0.0,0.0,0.0,0,0,0,0,0,0,0,10,0,0.0,0.0,0.0,0.0,0.0,0.0,0.0,0.0,0,8423.08,0,0.0
5925180080301,Padaria,85000.0,6500.0,0.0,0.0,1.0,0.0,0,4.75,150.0,1.0,0.0,1,0,0,230.5,0.0,0.0,0.0,1.0,1.0,0.0,0.0,0.0,0.0,0.0,0.0,0.0,1.0,0.0,0,0,0,0,0,0,0,10,0,0.0,0.0,0.0,0.0,0.0,0.0,0.0,1.0,1,4773.08,0,23.8321
5926177833133,Padaria,17500.0,6500.0,0.0,0.0,0.0,0.0,0,4.25,400.0,1.0,0.0,1,0,0,206.2,0.0,0.0,0.0,1.0,1.0,0.0,0.0,0.0,0.0,0.0,0.0,0.0,1.0,0.0,0,0,0,0,0,0,0,10,0,0.0,0.0,0.0,0.0,0.0,0.0,0.0,0.0,1,982.69,0,25.4743
5926238912685,Hambúrguer,25000.0,6500.0,0.0,0.0,0.0,150.0,3,4.25,400.0,1.0,0.0,1,1,0,213.5,0.0,0.0,0.0,1.0,1.0,0.0,0.0,0.0,0.0,0.0,0.0,1.0,0.0,0.0,0,0,0,0,0,0,0,56,3,0.0,0.0,0.0,0.0,0.0,0.0,0.0,0.0,2,1403.85,0,25.4743
5927744307373,Padaria,150000.0,16500.0,0.0,0.0,1.0,0.0,0,0.0,0.0,0.0,0.0,0,0,0,206.2,0.0,0.0,0.0,1.0,1.0,0.0,0.0,0.0,0.0,0.0,0.0,0.0,0.0,1.0,0,0,0,0,0,0,0,10,0,0.0,0.0,0.0,0.0,0.0,0.0,0.0,1.0,0,3318.18,0,0.0
5928483946669,Padaria,150000.0,16500.0,0.0,0.0,0.0,0.0,0,0.0,0.0,0.0,0.0,0,0,0,230.5,0.0,0.0,0.0,1.0,1.0,0.0,0.0,0.0,0.0,0.0,0.0,0.0,1.0,0.0,0,0,0,0,0,0,0,47,2,0.0,0.0,0.0,0.0,0.0,0.0,0.0,0.0,0,3318.18,0,0.0
5929679847597,Doces & Confeitaria,9000.0,16500.0,0.0,0.0,0.0,0.0,0,0.0,0.0,0.0,0.0,0,0,0,206.2,0.0,0.0,0.0,1.0,1.0,0.0,0.0,0.0,0.0,0.0,0.0,0.0,0.0,1.0,0,0,0,0,0,0,0,10,0,0.0,0.0,0.0,0.0,0.0,0.0,0.0,0.0,0,199.09,0,0.0
5931548082349,Lanches & Salgados,85000.0,6500.0,14.0,0.0,1.0,0.0,0,4.75,2.5,1.0,0.0,1,0,0,230.5,0.0,0.0,0.0,1.0,1.0,0.0,0.0,0.0,0.0,0.0,0.0,1.0,0.0,0.0,0,0,0,0,0,0,0,93,5,0.0,0.0,0.0,0.0,0.0,0.0,0.0,15.0,1,4773.08,0,5.9506
5932249481389,Office - Escolas & Escritórios & Consultórios & Associações,60000.0,16500.0,0.0,0.0,0.0,0.0,0,0.0,0.0,0.0,0.0,0,0,0,206.2,0.0,0.0,0.0,1.0,1.0,0.0,0.0,0.0,0.0,0.0,0.0,0.0,0.0,1.0,0,0,0,0,0,0,0,96,6,0.0,0.0,0.0,0.0,0.0,0.0,0.0,0.0,0,1327.27,0,0.0
5932479250605,Padaria,25000.0,6500.0,0.0,3.0,0.0,0.0,0,4.25,25.0,1.0,0.0,1,0,0,206.2,0.0,0.0,0.0,1.0,1.0,0.0,0.0,0.0,0.0,0.0,0.0,0.0,1.0,0.0,0,0,0,0,0,0,0,10,0,0.0,0.0,0.0,0.0,0.0,0.0,0.0,3.0,1,1403.85,0,13.8469
5933599588525,Padaria,5500000.0,6500.0,2.0,0.0,0.0,0.0,0,4.25,150.0,1.0,0.0,1,0,1,213.5,0.0,0.0,0.0,1.0,1.0,0.0,0.0,0.0,0.0,0.0,0.0,0.0,1.0,0.0,0,0,0,1,0,0,0,10,0,0.0,0.0,0.0,0.0,0.0,0.0,0.0,2.0,1,308846.15,0,21.3234
5934836777133,Doces & Confeitaria,4000.0,6500.0,0.0,0.0,0.0,0.0,0,0.0,0.0,0.0,0.0,0,0,0,213.5,0.0,0.0,0.0,1.0,1.0,0.0,0.0,0.0,0.0,0.0,0.0,0.0,1.0,0.0,0,0,0,0,0,0,0,47,2,0.0,0.0,0.0,0.0,0.0,0.0,0.0,0.0,0,224.62,0,0.0
5939961364653,Mercearia & Mercado,17500.0,16500.0,1.0,2.0,1.0,0.0,0,3.5,15.0,1.0,0.0,1,0,1,213.5,0.0,0.0,1.0,0.0,1.0,0.0,0.0,0.0,0.0,0.0,0.0,0.0,0.0,1.0,1,0,0,0,0,0,0,47,2,0.0,0.0,0.0,0.0,0.0,0.0,0.0,4.0,1,387.12,0,9.7041
5940090765485,Doces & Confeitaria,12500.0,6500.0,0.0,0.0,0.0,0.0,0,0.0,0.0,0.0,0.0,0,0,0,206.2,0.0,0.0,0.0,1.0,1.0,0.0,0.0,0.0,0.0,0.0,0.0,0.0,1.0,0.0,0,0,0,0,0,0,0,47,2,0.0,0.0,0.0,0.0,0.0,0.0,0.0,0.0,0,701.92,0,0.0
5941403648173,Bar,40000.0,16500.0,0.0,0.0,1.0,2.5,4,0.0,0.0,0.0,0.0,0,1,0,206.2,0.0,0.0,0.0,1.0,1.0,0.0,0.0,0.0,0.0,0.0,0.0,0.0,1.0,0.0,0,0,0,0,0,0,0,56,3,0.0,0.0,0.0,0.0,0.0,0.0,0.0,1.0,1,884.85,0,0.0
5941488451757,Doces & Confeitaria,17500.0,4500.0,0.0,0.0,1.0,0.0,0,4.75,40.0,1.0,0.0,1,0,0,206.2,0.0,0.0,0.0,1.0,1.0,0.0,0.0,0.0,0.0,0.0,0.0,0.0,0.0,1.0,0,0,0,0,0,0,0,10,0,0.0,0.0,0.0,0.0,0.0,0.0,0.0,1.0,1,1419.44,0,17.6395
5941491925165,Doces & Confeitaria,17500.0,6500.0,0.0,0.0,1.0,0.0,0,4.75,15.0,1.0,0.0,1,0,0,206.2,0.0,0.0,0.0,1.0,1.0,0.0,0.0,0.0,0.0,0.0,0.0,0.0,0.0,1.0,0,0,0,0,0,0,0,10,0,0.0,0.0,0.0,0.0,0.0,0.0,0.0,1.0,1,982.69,0,13.1698
5943607492781,Mercearia & Mercado,5500000.0,16500.0,0.0,0.0,0.0,0.0,0,0.0,0.0,0.0,0.0,0,0,0,213.5,1.0,0.0,0.0,0.0,1.0,1.0,0.0,0.0,0.0,0.0,0.0,0.0,0.0,0.0,0,0,0,0,0,0,0,47,2,0.0,0.0,0.0,0.0,0.0,0.0,0.0,0.0,0,121666.67,0,0.0
5945241895085,Padaria,40000.0,16500.0,8.0,12.0,0.0,0.0,0,4.25,400.0,1.0,1.0,1,0,1,206.2,0.0,0.0,0.0,1.0,1.0,0.0,0.0,0.0,0.0,0.0,0.0,0.0,0.0,1.0,0,0,1,0,0,0,0,47,2,0.0,0.0,0.0,0.0,0.0,0.0,0.0,20.0,1,884.85,0,25.4743
5948999499949,Distribuidor,600000.0,6500.0,0.0,0.0,1.0,0.0,0,0.0,0.0,0.0,0.0,0,0,0,213.5,0.0,0.0,1.0,0.0,1.0,0.0,0.0,0.0,0.0,0.0,0.0,0.0,1.0,0.0,0,0,0,0,0,0,0,47,2,0.0,0.0,0.0,0.0,0.0,0.0,0.0,1.0,0,33692.31,0,0.0
5950138482861,Lanches & Salgados,1750.0,6500.0,0.0,0.0,0.0,0.0,1,0.0,0.0,0.0,0.0,0,1,0,206.2,0.0,0.0,0.0,1.0,1.0,0.0,0.0,0.0,0.0,0.0,0.0,0.0,0.0,1.0,0,0,0,0,0,0,0,10,0,0.0,0.0,0.0,0.0,0.0,0.0,0.0,0.0,1,98.27,0,0.0
5952056164525,Restaurante Brasileiro,5500000.0,6500.0,7.0,0.0,1.0,0.0,0,4.75,2.5,1.0,0.0,1,0,1,213.5,0.0,0.0,0.0,1.0,1.0,0.0,0.0,0.0,1.0,0.0,0.0,0.0,0.0,0.0,0,0,1,0,0,0,0,56,3,0.0,0.0,0.0,0.0,0.0,0.0,0.0,8.0,1,308846.15,0,5.9506
5953972601005,Mercearia & Mercado,5500000.0,6500.0,0.0,0.0,1.0,0.0,0,3.5,250.0,1.0,0.0,1,0,0,213.5,0.0,0.0,0.0,1.0,1.0,1.0,0.0,0.0,0.0,0.0,0.0,0.0,0.0,0.0,0,0,0,0,0,0,0,47,2,0.0,0.0,0.0,0.0,0.0,0.0,0.0,1.0,1,308846.15,0,19.3391
5954064482477,Restaurante Brasileiro,9000.0,6500.0,0.0,0.0,1.0,0.0,0,0.0,0.0,0.0,1.0,0,0,0,206.2,0.0,0.0,0.0,1.0,1.0,0.0,0.0,0.0,0.0,0.0,0.0,0.0,0.0,1.0,0,0,0,0,0,0,0,82,4,0.0,0.0,0.0,0.0,0.0,0.0,0.0,1.0,0,505.38,0,0.0
5958809911469,Mercearia & Mercado,150000.0,6500.0,1.0,0.0,1.0,0.0,0,0.0,0.0,0.0,0.0,0,0,1,206.2,0.0,0.0,0.0,1.0,1.0,0.0,0.0,0.0,0.0,0.0,0.0,0.0,0.0,1.0,0,0,0,0,0,0,1,47,2,0.0,0.0,0.0,0.0,0.0,0.0,0.0,2.0,0,8423.08,0,0.0
5958867288237,Distribuidor,85000.0,6500.0,2.0,0.0,0.0,0.0,0,0.0,0.0,0.0,0.0,0,0,1,213.5,0.0,0.0,0.0,1.0,1.0,0.0,0.0,0.0,0.0,1.0,0.0,0.0,0.0,0.0,0,0,1,0,0,0,0,47,2,0.0,0.0,0.0,0.0,0.0,0.0,0.0,2.0,0,4773.08,0,0.0
5962216636589,Padaria,60000.0,16500.0,0.0,0.0,0.0,0.0,0,0.0,0.0,0.0,0.0,0,0,0,230.5,0.0,0.0,0.0,1.0,1.0,0.0,0.0,0.0,1.0,0.0,0.0,0.0,0.0,0.0,0,0,0,0,0,0,0,10,0,0.0,0.0,0.0,0.0,0.0,0.0,0.0,0.0,0,1327.27,0,0.0
5966230159533,Restaurante Brasileiro,600000.0,6500.0,0.0,0.0,0.0,0.0,0,0.0,1750.0,1.0,0.0,1,0,0,206.2,0.0,0.0,0.0,1.0,0.0,0.0,0.0,1.0,0.0,0.0,0.0,0.0,0.0,0.0,0,0,0,0,0,0,0,56,3,0.0,0.0,0.0,0.0,0.0,0.0,0.0,0.0,1,33692.31,0,0.0
5974597075117,Padaria,25000.0,6500.0,0.0,0.0,0.0,0.0,0,4.25,75.0,1.0,0.0,1,0,0,206.2,0.0,0.0,0.0,1.0,1.0,0.0,0.0,0.0,0.0,0.0,1.0,0.0,0.0,0.0,0,0,0,0,0,0,0,10,0,0.0,0.0,0.0,0.0,0.0,0.0,0.0,0.0,1,1403.85,0,18.4056
5974662545581,Churrascaria,85000.0,16500.0,0.0,0.0,0.0,2.5,1,0.0,7500.0,1.0,0.0,1,1,0,206.2,1.0,0.0,0.0,0.0,0.0,0.0,0.0,1.0,0.0,0.0,0.0,0.0,0.0,0.0,0,0,0,0,0,0,0,56,3,0.0,0.0,0.0,0.0,0.0,0.0,0.0,0.0,2,1880.3,0,0.0
5975395565741,Restaurante Brasileiro,17500.0,16500.0,0.0,0.0,1.0,25.0,1,0.0,400.0,1.0,0.0,1,1,0,206.2,0.0,0.0,0.0,1.0,0.0,0.0,0.0,1.0,0.0,0.0,0.0,0.0,0.0,0.0,0,0,0,0,0,0,0,56,3,0.0,0.0,0.0,0.0,0.0,0.0,0.0,1.0,2,387.12,0,0.0
5975483842733,Restaurante Brasileiro,85000.0,6500.0,0.0,0.0,1.0,0.0,1,0.0,0.0,0.0,0.0,0,1,0,206.2,0.0,0.0,0.0,1.0,0.0,0.0,0.0,1.0,0.0,0.0,0.0,0.0,0.0,0.0,0,0,0,0,0,0,0,56,3,0.0,0.0,0.0,0.0,0.0,0.0,0.0,1.0,1,4773.08,0,0.0
5975648141485,Churrascaria,85000.0,16500.0,0.0,0.0,0.0,0.0,1,0.0,3750.0,1.0,0.0,1,1,0,206.2,0.0,0.0,0.0,1.0,0.0,0.0,0.0,1.0,0.0,0.0,0.0,0.0,0.0,0.0,0,0,0,0,0,0,0,56,3,0.0,0.0,0.0,0.0,0.0,0.0,0.0,0.0,2,1880.3,0,0.0
5975656431789,Pizza & Massas,1750.0,6500.0,0.0,0.0,0.0,1750.0,3,0.0,3750.0,1.0,0.0,1,1,0,206.2,0.0,0.0,0.0,1.0,0.0,0.0,0.0,1.0,0.0,0.0,0.0,0.0,0.0,0.0,0,0,0,0,0,0,0,56,3,0.0,0.0,0.0,0.0,0.0,0.0,0.0,0.0,2,98.27,0,0.0
5976456233133,Padaria,9000.0,16500.0,0.0,0.0,0.0,0.0,0,0.0,0.0,0.0,0.0,0,0,0,206.2,1.0,0.0,0.0,0.0,0.0,0.0,0.0,1.0,0.0,0.0,0.0,0.0,0.0,0.0,0,0,0,0,0,0,0,10,0,0.0,0.0,0.0,0.0,0.0,0.0,0.0,0.0,0,199.09,0,0.0
5976595300525,Bar,9000.0,16500.0,0.0,0.0,0.0,40.0,2,4.25,1750.0,1.0,0.0,1,1,0,206.2,0.0,0.0,0.0,1.0,1.0,0.0,0.0,0.0,0.0,0.0,0.0,0.0,0.0,1.0,0,0,0,0,0,0,0,56,3,0.0,0.0,0.0,0.0,0.0,0.0,0.0,0.0,2,199.09,0,31.7388
5977049956525,Japonês & Chinês & Asiático,9000.0,6500.0,2.0,0.0,0.0,0.0,0,0.0,0.0,0.0,0.0,0,0,0,206.2,0.0,0.0,0.0,1.0,1.0,0.0,0.0,0.0,0.0,0.0,0.0,0.0,0.0,1.0,0,0,0,0,0,0,0,47,2,0.0,0.0,0.0,0.0,0.0,0.0,0.0,2.0,0,505.38,0,0.0
5977527484589,Lanches & Salgados,40000.0,16500.0,0.0,0.0,0.0,0.0,0,0.0,0.0,0.0,0.0,0,0,0,206.2,0.0,0.0,0.0,1.0,0.0,0.0,0.0,0.0,0.0,0.0,0.0,0.0,0.0,0.0,0,0,0,0,0,0,0,10,0,0.0,0.0,0.0,0.0,0.0,0.0,0.0,0.0,0,884.85,0,0.0
5977692274861,Cozinha Industrial,85000.0,6500.0,0.0,0.0,0.0,0.0,0,0.0,0.0,0.0,0.0,0,0,0,206.2,0.0,0.0,0.0,1.0,0.0,0.0,0.0,0.0,0.0,0.0,0.0,0.0,0.0,0.0,0,0,0,0,0,0,0,10,0,0.0,0.0,0.0,0.0,0.0,0.0,0.0,0.0,0,4773.08,0,0.0
5980479389869,Doces & Confeitaria,60000.0,6500.0,0.0,0.0,0.0,0.0,0,0.0,0.0,0.0,0.0,0,0,0,213.5,0.0,0.0,0.0,1.0,1.0,0.0,0.0,0.0,0.0,0.0,1.0,0.0,0.0,0.0,0,0,0,0,0,0,0,10,0,0.0,0.0,0.0,0.0,0.0,0.0,0.0,0.0,0,3369.23,0,0.0
5980962455725,Atacarejo & Supermercado,1750.0,6500.0,0.0,0.0,0.0,0.0,0,0.0,0.0,0.0,1.0,0,0,0,206.2,0.0,0.0,0.0,1.0,1.0,0.0,0.0,0.0,0.0,0.0,0.0,0.0,0.0,0.0,0,0,0,0,0,0,0,47,2,0.0,0.0,0.0,0.0,0.0,0.0,0.0,0.0,0,98.27,0,0.0
5980997517485,Mercearia & Mercado,600000.0,6500.0,2.0,0.0,0.0,0.0,0,0.0,0.0,0.0,0.0,0,0,0,213.5,0.0,0.0,0.0,1.0,1.0,1.0,0.0,0.0,0.0,0.0,0.0,0.0,0.0,0.0,0,0,0,0,0,0,0,47,2,0.0,0.0,0.0,0.0,0.0,0.0,0.0,2.0,0,33692.31,0,0.0
5981825106093,Mercearia & Mercado,4000.0,6500.0,0.0,0.0,0.0,0.0,0,0.0,0.0,0.0,0.0,0,0,0,213.5,0.0,0.0,0.0,1.0,1.0,1.0,0.0,0.0,0.0,0.0,0.0,0.0,0.0,0.0,0,0,0,0,0,0,0,47,2,0.0,0.0,0.0,0.0,0.0,0.0,0.0,0.0,0,224.62,0,0.0
5981912498349,Hotel,150000.0,6500.0,0.0,0.0,0.0,0.0,0,0.0,0.0,0.0,0.0,0,0,0,206.2,0.0,0.0,0.0,1.0,0.0,0.0,0.0,0.0,0.0,0.0,0.0,0.0,0.0,0.0,0,0,0,0,0,0,0,55,3,0.0,0.0,0.0,0.0,0.0,0.0,0.0,0.0,0,8423.08,0,0.0
5981987307693,Pizza & Massas,4000.0,6500.0,0.0,0.0,1.0,40.0,3,0.0,7500.0,1.0,0.0,1,1,0,206.2,0.0,0.0,0.0,1.0,0.0,0.0,0.0,1.0,0.0,0.0,0.0,0.0,0.0,0.0,0,0,0,0,0,0,0,56,3,0.0,0.0,0.0,0.0,0.0,0.0,0.0,1.0,2,224.62,0,0.0
5982045339821,Hotel,5500000.0,16500.0,2.0,0.0,0.0,0.0,0,0.0,15.0,1.0,0.0,1,0,1,206.2,0.0,0.0,0.0,1.0,0.0,0.0,0.0,1.0,0.0,0.0,0.0,0.0,0.0,0.0,0,0,1,0,0,0,0,55,3,0.0,0.0,0.0,0.0,0.0,0.0,0.0,2.0,1,121666.67,0,0.0
5982068408493,Restaurante Brasileiro,9000.0,6500.0,14.0,0.0,0.0,2.5,3,0.0,15000.0,1.0,0.0,1,1,1,206.2,0.0,0.0,0.0,1.0,0.0,0.0,0.0,1.0,0.0,0.0,0.0,0.0,0.0,0.0,0,0,0,0,0,0,0,56,3,0.0,0.0,0.0,0.0,0.0,0.0,0.0,14.0,2,505.38,0,0.0
5982116348077,Hotel,17500.0,6500.0,0.0,0.0,1.0,0.0,0,0.0,0.0,0.0,1.0,0,0,0,213.5,0.0,0.0,0.0,1.0,1.0,0.0,0.0,0.0,0.0,0.0,1.0,0.0,0.0,0.0,0,0,0,0,0,0,0,96,6,0.0,0.0,0.0,0.0,0.0,0.0,0.0,1.0,0,982.69,0,0.0
5982912446637,Hotel,9000.0,6500.0,0.0,4.0,1.0,0.0,0,0.0,1750.0,1.0,0.0,1,0,0,206.2,0.0,0.0,0.0,1.0,0.0,0.0,0.0,1.0,0.0,0.0,0.0,0.0,0.0,0.0,0,0,0,0,0,0,0,55,3,0.0,0.0,0.0,0.0,0.0,0.0,0.0,5.0,1,505.38,0,0.0
5982930043053,Hotel,600000.0,16500.0,6.0,0.0,1.0,0.0,0,0.0,3750.0,1.0,0.0,1,0,0,206.2,0.0,0.0,0.0,1.0,0.0,0.0,0.0,1.0,0.0,0.0,0.0,0.0,0.0,0.0,0,0,0,0,0,0,0,55,3,0.0,0.0,0.0,0.0,0.0,0.0,0.0,7.0,1,13272.73,0,0.0
5983037063341,Hotel,60000.0,16500.0,2.0,0.0,0.0,0.0,0,0.0,1750.0,1.0,0.0,1,0,1,206.2,0.0,0.0,0.0,1.0,0.0,0.0,0.0,1.0,0.0,0.0,0.0,0.0,0.0,0.0,1,0,0,0,0,0,0,55,3,0.0,0.0,0.0,0.0,0.0,0.0,0.0,2.0,1,1327.27,0,0.0
5983064719533,Restaurante Brasileiro,9000.0,16500.0,10.0,0.0,1.0,0.0,0,3.5,250.0,1.0,0.0,1,0,1,213.5,0.0,0.0,0.0,1.0,1.0,0.0,0.0,0.0,0.0,0.0,0.0,0.0,0.0,1.0,0,0,0,1,0,0,0,56,3,0.0,0.0,0.0,0.0,0.0,0.0,0.0,11.0,1,199.09,0,19.3391
5983936905389,Mercearia & Mercado,9000.0,6500.0,0.0,0.0,0.0,0.0,0,0.0,0.0,0.0,0.0,0,0,0,213.5,0.0,0.0,0.0,1.0,1.0,0.0,0.0,0.0,0.0,0.0,0.0,1.0,0.0,0.0,0,0,0,0,0,0,0,47,2,0.0,0.0,0.0,0.0,0.0,0.0,0.0,0.0,0,505.38,0,0.0
5984178241709,Padaria,9000.0,6500.0,3.0,1.0,1.0,0.0,0,3.5,2.5,1.0,0.0,1,0,1,213.5,0.0,0.0,0.0,1.0,1.0,0.0,0.0,0.0,0.0,0.0,0.0,0.0,1.0,0.0,1,1,0,0,0,0,0,10,0,0.0,0.0,0.0,0.0,0.0,0.0,0.0,5.0,1,505.38,0,4.3847
5984202588333,Restaurante Brasileiro,150000.0,6500.0,0.0,2.0,1.0,0.0,0,0.0,0.0,0.0,1.0,0,0,0,206.2,0.0,0.0,0.0,1.0,1.0,0.0,0.0,0.0,0.0,0.0,1.0,0.0,0.0,0.0,0,0,0,0,0,0,0,47,2,0.0,0.0,0.0,0.0,0.0,0.0,0.0,3.0,0,8423.08,0,0.0
5987953410221,Padaria,150000.0,6500.0,0.0,0.0,0.0,75.0,1,4.25,400.0,1.0,0.0,1,1,0,206.2,0.0,0.0,0.0,1.0,1.0,0.0,0.0,0.0,0.0,0.0,0.0,0.0,0.0,1.0,0,0,0,0,0,0,0,10,0,0.0,0.0,0.0,0.0,0.0,0.0,0.0,0.0,2,8423.08,0,25.4743
5988308943021,Restaurante Brasileiro,85000.0,16500.0,2.0,0.0,1.0,25.0,5,4.25,625.0,1.0,0.0,1,1,0,206.2,0.0,0.0,0.0,1.0,1.0,0.0,0.0,0.0,0.0,0.0,0.0,0.0,0.0,1.0,0,0,0,0,0,0,0,56,3,0.0,0.0,0.0,0.0,0.0,0.0,0.0,3.0,2,1880.3,0,27.3672
5989091049645,Padaria,17500.0,16500.0,0.0,0.0,0.0,2.5,1,0.0,0.0,0.0,0.0,0,1,0,206.2,0.0,0.0,0.0,1.0,0.0,0.0,0.0,1.0,0.0,0.0,0.0,0.0,0.0,0.0,0,0,0,0,0,0,0,10,0,0.0,0.0,0.0,0.0,0.0,0.0,0.0,0.0,1,387.12,0,0.0
5989312725165,Padaria,40000.0,16500.0,0.0,0.0,1.0,0.0,1,0.0,0.0,0.0,0.0,0,1,0,206.2,0.0,0.0,0.0,1.0,0.0,0.0,0.0,1.0,0.0,0.0,0.0,0.0,0.0,0.0,0,0,0,0,0,0,0,10,0,0.0,0.0,0.0,0.0,0.0,0.0,0.0,1.0,1,884.85,0,0.0
5989374099629,Padaria,85000.0,6500.0,16.0,0.0,0.0,2.5,1,0.0,1750.0,1.0,0.0,1,1,1,206.2,0.0,0.0,0.0,1.0,0.0,0.0,0.0,1.0,0.0,0.0,0.0,0.0,0.0,0.0,0,0,0,0,1,0,0,47,2,0.0,0.0,0.0,0.0,0.0,0.0,0.0,16.0,2,4773.08,0,0.0
5989393596589,Padaria,600000.0,6500.0,0.0,0.0,0.0,0.0,0,0.0,0.0,0.0,0.0,0,0,0,206.2,1.0,0.0,0.0,0.0,0.0,0.0,0.0,0.0,0.0,0.0,0.0,0.0,0.0,0.0,0,0,0,0,0,0,0,10,0,0.0,0.0,0.0,0.0,0.0,0.0,0.0,0.0,0,33692.31,0,0.0
5989399920813,Padaria,40000.0,16500.0,0.0,0.0,0.0,0.0,0,3.5,250.0,1.0,0.0,1,0,0,206.2,1.0,0.0,0.0,0.0,0.0,0.0,0.0,1.0,0.0,0.0,0.0,0.0,0.0,0.0,0,0,0,0,0,0,0,47,2,0.0,0.0,0.0,0.0,0.0,0.0,0.0,0.0,1,884.85,0,19.3391
5989486493869,Padaria,600000.0,16500.0,0.0,0.0,0.0,350.0,4,0.0,0.0,0.0,1.0,0,1,0,206.2,1.0,0.0,0.0,0.0,0.0,0.0,0.0,1.0,0.0,0.0,0.0,0.0,0.0,0.0,0,0,0,0,0,0,0,10,0,0.0,0.0,0.0,0.0,0.0,0.0,0.0,0.0,1,13272.73,0,0.0
5989494980781,Padaria,60000.0,16500.0,0.0,0.0,0.0,0.0,0,0.0,0.0,0.0,0.0,0,0,0,206.2,1.0,0.0,0.0,0.0,0.0,0.0,0.0,1.0,0.0,0.0,0.0,0.0,0.0,0.0,0,0,0,0,0,0,0,10,0,0.0,0.0,0.0,0.0,0.0,0.0,0.0,0.0,0,1327.27,0,0.0
5989568774317,Pizza & Massas,25000.0,16500.0,0.0,0.0,0.0,0.0,0,0.0,0.0,0.0,0.0,0,0,0,206.2,0.0,0.0,0.0,1.0,0.0,0.0,0.0,1.0,0.0,0.0,0.0,0.0,0.0,0.0,0,0,0,0,0,0,0,10,0,0.0,0.0,0.0,0.0,0.0,0.0,0.0,0.0,0,553.03,0,0.0
5989577556141,Padaria,17500.0,16500.0,0.0,0.0,0.0,0.0,0,0.0,0.0,0.0,0.0,0,0,0,213.5,0.0,0.0,0.0,1.0,1.0,0.0,0.0,0.0,0.0,0.0,0.0,0.0,0.0,1.0,0,0,0,0,0,0,0,47,2,0.0,0.0,0.0,0.0,0.0,0.0,0.0,0.0,0,387.12,0,0.0
5989643485357,Mercearia & Mercado,9000.0,6500.0,0.0,0.0,0.0,0.0,0,3.5,15.0,1.0,1.0,1,0,0,213.5,0.0,0.0,0.0,1.0,1.0,0.0,0.0,0.0,0.0,0.0,0.0,0.0,0.0,0.0,0,0,0,0,0,0,0,47,2,0.0,0.0,0.0,0.0,0.0,0.0,0.0,0.0,1,505.38,0,9.7041
5990274793645,Bar,60000.0,6500.0,0.0,0.0,0.0,0.0,0,0.0,0.0,0.0,0.0,0,0,0,213.5,0.0,0.0,0.0,1.0,1.0,0.0,0.0,0.0,0.0,0.0,0.0,0.0,0.0,0.0,0,0,0,0,0,0,0,56,3,0.0,0.0,0.0,0.0,0.0,0.0,0.0,0.0,0,3369.23,0,0.0
5990325452973,Padaria,25000.0,6500.0,0.0,1.0,1.0,0.0,0,4.25,15.0,1.0,0.0,1,0,0,213.5,0.0,0.0,0.0,1.0,1.0,0.0,0.0,0.0,0.0,0.0,1.0,0.0,0.0,0.0,0,0,0,0,0,0,0,10,0,0.0,0.0,0.0,0.0,0.0,0.0,0.0,2.0,1,1403.85,0,11.7835
5990327517357,Hotel,85000.0,6500.0,0.0,0.0,0.0,0.0,0,0.0,0.0,0.0,0.0,0,0,0,230.5,0.0,0.0,0.0,1.0,1.0,0.0,0.0,0.0,0.0,1.0,0.0,0.0,0.0,0.0,0,0,0,0,0,0,0,55,3,0.0,0.0,0.0,0.0,0.0,0.0,0.0,0.0,0,4773.08,0,0.0
5990548537517,Padaria,150000.0,6500.0,2.0,0.0,0.0,0.0,0,4.75,1750.0,1.0,0.0,1,0,0,206.2,0.0,0.0,0.0,1.0,1.0,0.0,1.0,0.0,0.0,0.0,0.0,0.0,0.0,0.0,0,0,0,0,0,0,0,10,0,0.0,0.0,0.0,0.0,0.0,0.0,0.0,2.0,1,8423.08,0,35.4727
5990629965997,Padaria,40000.0,16500.0,0.0,0.0,0.0,0.0,0,0.0,3750.0,1.0,0.0,1,0,0,206.2,0.0,0.0,0.0,1.0,0.0,0.0,0.0,1.0,0.0,0.0,0.0,0.0,0.0,0.0,0,0,0,0,0,0,0,10,0,0.0,0.0,0.0,0.0,0.0,0.0,0.0,0.0,1,884.85,0,0.0
5990675284141,Padaria,25000.0,16500.0,36.0,1.0,0.0,0.0,0,0.0,0.0,0.0,0.0,0,0,1,206.2,0.0,0.0,0.0,1.0,1.0,0.0,0.0,0.0,0.0,0.0,0.0,0.0,0.0,1.0,1,0,0,0,0,0,0,47,2,0.0,0.0,0.0,0.0,0.0,0.0,0.0,37.0,0,553.03,0,0.0
5992423719085,Doces & Confeitaria,17500.0,6500.0,1.0,0.0,0.0,0.0,0,0.0,0.0,0.0,0.0,0,0,1,213.5,0.0,0.0,0.0,1.0,1.0,0.0,0.0,0.0,0.0,0.0,0.0,0.0,0.0,1.0,0,0,0,0,0,1,0,47,2,0.0,0.0,0.0,0.0,0.0,0.0,0.0,1.0,0,982.69,0,0.0
5995751571629,Pizza & Massas,150000.0,6500.0,0.0,0.0,1.0,0.0,0,0.0,0.0,0.0,0.0,0,0,0,206.2,0.0,0.0,0.0,1.0,1.0,0.0,0.0,0.0,0.0,0.0,0.0,0.0,0.0,1.0,0,0,0,0,0,0,0,10,0,0.0,0.0,0.0,0.0,0.0,0.0,0.0,1.0,0,8423.08,0,0.0
5995896733869,Japonês & Chinês & Asiático,9000.0,6500.0,2.0,1.0,0.0,15.0,1,0.0,25.0,1.0,0.0,1,1,0,206.2,0.0,0.0,0.0,1.0,0.0,0.0,0.0,1.0,0.0,0.0,0.0,0.0,0.0,0.0,0,0,0,0,0,0,0,56,3,0.0,0.0,0.0,0.0,0.0,0.0,0.0,3.0,2,505.38,0,0.0
5996647514285,Doces & Confeitaria,12500.0,6500.0,0.0,1.0,0.0,0.0,0,0.0,0.0,0.0,0.0,0,0,0,206.2,0.0,0.0,0.0,1.0,1.0,0.0,0.0,0.0,0.0,0.0,0.0,0.0,0.0,1.0,0,0,0,0,0,0,0,10,0,0.0,0.0,0.0,0.0,0.0,0.0,0.0,1.0,0,701.92,0,0.0
5996888064173,Padaria,60000.0,16500.0,0.0,0.0,0.0,0.0,0,4.25,75.0,1.0,0.0,1,0,0,206.2,0.0,0.0,0.0,1.0,1.0,0.0,0.0,0.0,0.0,0.0,0.0,1.0,0.0,0.0,0,0,0,0,0,0,0,10,0,0.0,0.0,0.0,0.0,0.0,0.0,0.0,0.0,1,1327.27,0,18.4056
5997662011565,Restaurante Brasileiro,17500.0,6500.0,0.0,0.0,0.0,350.0,3,4.25,625.0,1.0,0.0,1,1,0,206.2,0.0,0.0,0.0,1.0,1.0,0.0,0.0,0.0,0.0,0.0,0.0,1.0,0.0,0.0,0,0,0,0,0,0,0,56,3,0.0,0.0,0.0,0.0,0.0,0.0,0.0,0.0,2,982.69,0,27.3672
5997707690157,Padaria,25000.0,6500.0,0.0,3.0,0.0,0.0,0,4.25,25.0,1.0,0.0,1,0,0,206.2,0.0,0.0,0.0,1.0,1.0,0.0,0.0,0.0,0.0,0.0,0.0,0.0,1.0,0.0,0,0,0,0,0,0,0,10,0,0.0,0.0,0.0,0.0,0.0,0.0,0.0,3.0,1,1403.85,0,13.8469
5998572404909,Padaria,60000.0,6500.0,0.0,0.0,0.0,0.0,0,0.0,0.0,0.0,0.0,0,0,0,206.2,0.0,0.0,0.0,1.0,0.0,0.0,0.0,0.0,0.0,0.0,0.0,0.0,0.0,0.0,0,0,0,0,0,0,0,10,0,0.0,0.0,0.0,0.0,0.0,0.0,0.0,0.0,0,3369.23,0,0.0
6000332800173,Padaria,85000.0,6500.0,0.0,0.0,0.0,0.0,0,0.0,0.0,0.0,1.0,0,0,0,230.5,0.0,0.0,0.0,1.0,0.0,0.0,0.0,0.0,0.0,0.0,0.0,0.0,0.0,0.0,0,0,0,0,0,0,0,47,2,0.0,0.0,0.0,0.0,0.0,0.0,0.0,0.0,0,4773.08,0,0.0
6001175298221,Bar,17500.0,6500.0,0.0,0.0,1.0,0.0,0,0.0,0.0,0.0,1.0,0,0,0,206.2,0.0,0.0,0.0,1.0,1.0,0.0,0.0,0.0,0.0,0.0,0.0,0.0,0.0,1.0,0,0,0,0,0,0,0,56,3,0.0,0.0,0.0,0.0,0.0,0.0,0.0,1.0,0,982.69,0,0.0
6004073922733,Padaria,17500.0,16500.0,0.0,0.0,1.0,0.0,0,0.0,0.0,0.0,0.0,0,0,0,206.2,0.0,0.0,0.0,1.0,0.0,0.0,0.0,1.0,0.0,0.0,0.0,0.0,0.0,0.0,0,0,0,0,0,0,0,10,0,0.0,0.0,0.0,0.0,0.0,0.0,0.0,1.0,0,387.12,0,0.0
6004320895149,Restaurante Brasileiro,2500.0,6500.0,0.0,0.0,0.0,0.0,0,0.0,0.0,0.0,0.0,0,0,0,213.5,0.0,0.0,0.0,1.0,1.0,0.0,0.0,0.0,0.0,0.0,0.0,0.0,0.0,1.0,0,0,0,0,0,0,0,56,3,0.0,0.0,0.0,0.0,0.0,0.0,0.0,0.0,0,140.38,0,0.0
6004900921517,Padaria,85000.0,6500.0,2.0,0.0,1.0,0.0,0,4.25,3750.0,1.0,0.0,1,0,0,206.2,0.0,0.0,0.0,1.0,1.0,0.0,1.0,0.0,0.0,0.0,0.0,0.0,0.0,0.0,0,0,0,0,0,0,0,10,0,0.0,0.0,0.0,0.0,0.0,0.0,0.0,3.0,1,4773.08,0,34.9766
6005139407021,Padaria,60000.0,16500.0,0.0,0.0,0.0,0.0,0,0.0,0.0,0.0,0.0,0,0,0,230.5,0.0,0.0,0.0,1.0,1.0,0.0,0.0,0.0,1.0,0.0,0.0,0.0,0.0,0.0,0,0,0,0,0,0,0,10,0,0.0,0.0,0.0,0.0,0.0,0.0,0.0,0.0,0,1327.27,0,0.0
6005146976429,Pizza & Massas,85000.0,6500.0,0.0,0.0,0.0,0.0,1,4.25,250.0,1.0,0.0,1,1,0,230.5,1.0,0.0,0.0,0.0,1.0,0.0,0.0,0.0,0.0,0.0,0.0,0.0,0.0,1.0,0,0,0,0,0,0,0,56,3,0.0,0.0,0.0,0.0,0.0,0.0,0.0,0.0,2,4773.08,0,23.4832
6005161394349,Padaria,150000.0,16500.0,0.0,1.0,0.0,0.0,0,0.0,0.0,0.0,0.0,0,0,0,230.5,0.0,1.0,0.0,0.0,1.0,0.0,0.0,0.0,0.0,0.0,1.0,0.0,0.0,0.0,0,0,0,0,0,0,0,10,0,0.0,0.0,0.0,0.0,0.0,0.0,0.0,1.0,0,3318.18,0,0.0
6005341421741,Restaurante Brasileiro,2500.0,6500.0,0.0,0.0,1.0,0.0,1,0.0,0.0,0.0,0.0,0,1,0,206.2,0.0,0.0,0.0,1.0,0.0,0.0,0.0,1.0,0.0,0.0,0.0,0.0,0.0,0.0,0,0,0,0,0,0,0,56,3,0.0,0.0,0.0,0.0,0.0,0.0,0.0,1.0,1,140.38,0,0.0
6006190211245,Restaurante Brasileiro,25000.0,6500.0,0.0,0.0,1.0,0.0,0,0.0,0.0,0.0,0.0,0,0,0,206.2,0.0,0.0,0.0,1.0,1.0,0.0,1.0,0.0,0.0,0.0,0.0,0.0,0.0,0.0,0,0,0,0,0,0,0,56,3,0.0,0.0,0.0,0.0,0.0,0.0,0.0,1.0,0,1403.85,0,0.0
6006210592941,Restaurante Brasileiro,150000.0,6500.0,0.0,0.0,0.0,0.0,0,0.0,0.0,0.0,0.0,0,0,0,206.2,0.0,0.0,0.0,1.0,1.0,0.0,0.0,0.0,0.0,0.0,0.0,0.0,0.0,1.0,0,0,0,0,0,0,0,45,2,0.0,0.0,0.0,0.0,0.0,0.0,0.0,0.0,0,8423.08,0,0.0
6006887186605,Padaria,9000.0,6500.0,0.0,0.0,0.0,0.0,0,0.0,0.0,0.0,0.0,0,0,0,206.2,0.0,0.0,1.0,0.0,1.0,0.0,1.0,0.0,0.0,0.0,0.0,0.0,0.0,0.0,0,0,0,0,0,0,0,10,0,0.0,0.0,0.0,0.0,0.0,0.0,0.0,0.0,0,505.38,0,0.0
6006945611949,Mercearia & Mercado,60000.0,16500.0,0.0,0.0,1.0,0.0,0,0.0,0.0,0.0,0.0,0,0,0,206.2,0.0,0.0,0.0,1.0,1.0,0.0,0.0,0.0,0.0,0.0,0.0,0.0,1.0,0.0,0,0,0,0,0,0,0,47,2,0.0,0.0,0.0,0.0,0.0,0.0,0.0,1.0,0,1327.27,0,0.0
6007073079469,Restaurante Brasileiro,17500.0,6500.0,0.0,0.0,0.0,0.0,0,0.0,0.0,0.0,0.0,0,0,0,206.2,1.0,0.0,0.0,0.0,0.0,0.0,0.0,1.0,0.0,0.0,0.0,0.0,0.0,0.0,0,0,0,0,0,0,0,56,3,0.0,0.0,0.0,0.0,0.0,0.0,0.0,0.0,0,982.69,0,0.0
6007116071085,Mercearia & Mercado,4000.0,16500.0,0.0,0.0,1.0,0.0,0,0.0,0.0,0.0,0.0,0,0,0,206.2,0.0,0.0,0.0,1.0,1.0,0.0,1.0,0.0,0.0,0.0,0.0,0.0,0.0,0.0,0,0,0,0,0,0,0,47,2,0.0,0.0,0.0,0.0,0.0,0.0,0.0,1.0,0,88.48,0,0.0
